{"BW": [0.05703398013398275, 0.038658928140417936, -0.14698702030579044], "Blue": [-0.009821287966246484, 0.0014826017519866674, 0.10155761411633352], "Brown": [0.01808680664117568, -0.058162966868910315, 0.052584998679195916], "Cyan": [-0.15230010603740785, -0.08063152061570444, 0.21799936990737906], "Green": [-0.1852746486513881, -0.05606335247112426, 0.26639551433073355], "Magenta": [-0.04538076858939699, -0.04666476529641095, 0.12717837783831631], "Red": [-0.1030856195563914, -0.0263298620570227, 0.09272136893643756], "S1": [-0.15924937110644222, -0.10531601351364706, 0.23379099710324375], "V1": [0.14452371115254414, -0.12307598400713249, 0.16361098586617834], "Yellow": [-0.036098569171375994, 0.033609095901762975, 0.02785186558701086]}